Event Index,UTC Timestamp,UTC Date and Time,Local Timestamp,Local Timezone,Local Date and Time,Experiment ID,Experiment Version,Tree Node Key,Repeat Key,Schedule ID,Participant Public ID,Participant Private ID,Participant Starting Group,Participant Status,Participant Completion Code,Participant External Session ID,Participant Device Type,Participant Device,Participant OS,Participant Browser,Participant Monitor Size,Participant Viewport Size,Checkpoint,Task Name,Task Version,Spreadsheet,Spreadsheet Name,Spreadsheet Row,Trial Number,Screen Number,Screen Name,Zone Name,Zone Type,Reaction Time,Reaction Onset,Response Type,Response,Attempt,Correct,Incorrect,Dishonest,X Coordinate,Y Coordinate,Timed Out,randomise_blocks,randomise_trials,display,t,s,e,size,color
1,1690829534550,31/07/2023 18:52:14,1690829534421,-7,31/07/2023 11:52:14,0,0,,,30967058,,9189879,,live,,,computer,Desktop or Laptop,Mac OS 10.15.7,Chrome 114.0.0.0,2560x1440,2178x1161,,Task ,6,Test,,,BEGIN TASK,,,,,,,,,,0,1,0,,,,,,,,,,,
2,1690829538128,31/07/2023 18:52:18,1690829538017,-7,31/07/2023 11:52:18,0,0,,,30967058,,9189879,,live,,,computer,Desktop or Laptop,Mac OS 10.15.7,Chrome 114.0.0.0,2560x1440,2178x1161,,Task ,6,Test,Test,1,1,1,instr1,advancementZone,response_button_text,1998.7000000029802,,,Next,1,1,0,0,,,,,,instr,,,,,
3,1690829538442,31/07/2023 18:52:18,1690829538348,-7,31/07/2023 11:52:18,0,0,,,30967058,,9189879,,live,,,computer,Desktop or Laptop,Mac OS 10.15.7,Chrome 114.0.0.0,2560x1440,2178x1161,,Task ,6,Test,Test,1,1,2,instr2,advancementZone,response_button_text,327.29999999701977,,,Next,1,1,0,0,,,,,,instr,,,,,
4,1690829538835,31/07/2023 18:52:18,1690829538732,-7,31/07/2023 11:52:18,0,0,,,30967058,,9189879,,live,,,computer,Desktop or Laptop,Mac OS 10.15.7,Chrome 114.0.0.0,2560x1440,2178x1161,,Task ,6,Test,Test,1,1,3,instr3,advancementZone,response_button_text,381.20000000298023,,,Next,1,1,0,0,,,,,,instr,,,,,
5,1690829539293,31/07/2023 18:52:19,1690829539199,-7,31/07/2023 11:52:19,0,0,,,30967058,,9189879,,live,,,computer,Desktop or Laptop,Mac OS 10.15.7,Chrome 114.0.0.0,2560x1440,2178x1161,,Task ,6,Test,Test,1,1,4,instr4,advancementZone,response_button_text,463.09999999403954,,,Next,1,1,0,0,,,,,,instr,,,,,
6,1690829539758,31/07/2023 18:52:19,1690829539665,-7,31/07/2023 11:52:19,0,0,,,30967058,,9189879,,live,,,computer,Desktop or Laptop,Mac OS 10.15.7,Chrome 114.0.0.0,2560x1440,2178x1161,,Task ,6,Test,Test,1,1,5,instr5,advancementZone,response_button_text,462.20000000298023,,,Next,1,1,0,0,,,,,,instr,,,,,
7,1690829540262,31/07/2023 18:52:20,1690829540165,-7,31/07/2023 11:52:20,0,0,,,30967058,,9189879,,live,,,computer,Desktop or Laptop,Mac OS 10.15.7,Chrome 114.0.0.0,2560x1440,2178x1161,,Task ,6,Test,Test,1,1,6,instr6,advancementZone,response_button_text,496.90000000596046,,,Next,1,1,0,0,,,,,,instr,,,,,
8,1690829540866,31/07/2023 18:52:20,1690829540715,-7,31/07/2023 11:52:20,0,0,,,30967058,,9189879,,live,,,computer,Desktop or Laptop,Mac OS 10.15.7,Chrome 114.0.0.0,2560x1440,2178x1161,,Task ,6,Test,Test,1,1,7,instr7,advancementZone,response_button_text,546.3999999985099,,,Next,1,1,0,0,,,,,,instr,,,,,
9,1690829543041,31/07/2023 18:52:23,1690829542932,-7,31/07/2023 11:52:22,0,0,,,30967058,,9189879,,live,,,computer,Desktop or Laptop,Mac OS 10.15.7,Chrome 114.0.0.0,2560x1440,2178x1161,,Task ,6,Test,Test,1,1,8,instrEnd,advancementZone,response_button_text,2213.89999999851,,,Continue to Experiment,1,1,0,0,,,,,,instr,,,,,
10,1690829546173,31/07/2023 18:52:26,1690829546084,-7,31/07/2023 11:52:26,0,0,,,30967058,,9189879,,live,,,computer,Desktop or Laptop,Mac OS 10.15.7,Chrome 114.0.0.0,2560x1440,2178x1161,,Task ,6,Test,Test,2,1,1,Screen 1,advancementZone,continue_button,3145.3000000044703,,,,,0,1,0,,,,,,practiceStart,,,,,
11,1690829546679,31/07/2023 18:52:26,1690829546575,-7,31/07/2023 11:52:26,0,0,,,30967058,,9189879,,live,,,computer,Desktop or Laptop,Mac OS 10.15.7,Chrome 114.0.0.0,2560x1440,2178x1161,,Task ,6,Test,Test,3,1,1,fixation,fixation,fixation,500.0400000000009,,,,,0,1,0,,,,,,trial,p1,5,"c(0.561884109182208, 5.84551241488889, 2.39106976776228, 4.41475518473722, 2.85622056337486, 3.07233443967691, -0.236800398128124, -0.317579199495154, 1.50680573042379, 5.15673333971616, 5.13947048085043, 1.99613148394711, 0.506153886652311, 2.30961573524836, 1.66987325768971, 0.56430930340269, -1.06642982676048, 6.26449710901103, 1.60561777025851, 3.10740146551296, 1.90354954275445, -0.868365746203613, -0.273372583677728, 2.36853835852821, 4.55794414674471, 2.38157685672913, 5.41097091351035, 5.01895284017047, 
0.659310227582427, 3.52793803657027, 2.78431644820927, 0.00740060552909716, 0.906204629166405, 2.95708260403944, 0.809249320113294, 0.818426035868419, 3.57061564712022, 0.939208651116197, 4.32603522919791, 2.71254466391473, 1.66333889868981, -0.275622115601625, -1.94113884055806, 6.07365449203737, 0.867333078189395, 1.61915701066076, 2.63227005081575, 3.46001385906552, 1.78314025972665, -3.23078090415133, -1.30380476009935, 2.4670025412552, -0.320799883493991, 3.19523284014602, 3.35639224444907, 
6.20713252204687, 0.941431934227667, 0.178485464169729, 2.33838033366113, 1.93808090518252, 4.32974017951053, 3.15124181109016, 0.529819183051002, 3.28033425896922, 5.02781789332884, 4.51842152903154, 0.695514324125957, 1.83488419909558, 3.79869706037943, 2.58724850241512, 1.72666108276525, 1.54725335712187, 1.78382193193094, 1.47216391027202, 3.45090551784463, 1.00497421571698, 2.98489249471676, 2.80176296036519, 0.495162546506195, -2.08081966809293, 2.20259501682753, 4.758528916325, 2.38143683659685, 
3.42855185327215, 6.14708843814257, 0.0484392240706684, -0.745140634789614, -0.0975839420594786, 2.8687837188551, 2.0928090460475, -0.16856083464311, 4.90271531094399, 0.400963175150816, 0.419477052520247, 3.34861614707497, 3.43408478766554, 1.44978220296892, -0.959484648231089, 0.00702497291494097, 2.94067924154034)","130"", ""400"", ""340"", ""400"", ""400"", ""400"", ""70"", ""100"", ""250"", ""400"", ""400"", ""280"", ""130"", ""340"", ""250"", ""130"", ""190"", ""400"", ""250"", ""400"", ""280"", ""160"", ""100"", ""340"", ""400"", ""340"", ""400"", ""400"", ""130"", ""400"", ""400"", ""70"", ""160"", ""400"", ""160"", ""160"", ""400"", ""160"", ""400"", ""370"", ""250"", ""100"", ""280"", ""400"", ""160"", ""250"", ""370"", ""400"", ""280"", ""400"", ""220"", ""340"", ""100"", ""400"", ""400"", ""400"", ""160"", ""70"", ""340"", ""280"", ""400"", ""400"", ""130"", ""400"", ""400"", ""400"", ""130"", ""280"", ""400"", ""370"", ""250"", ""250"", ""280"", ""220"", ""400"", ""190"", ""400"", ""400"", ""100"", ""310"", ""310"", ""400"", ""340"", ""400"", ""400"", ""70"", ""130"", ""70"", ""400"", ""310"", ""70"", ""400"", ""100"", ""100"", ""400"", ""400"", ""220"", ""160"", ""70"", ""400","00FF00"", ""00FF00"", ""00FF00"", ""00FF00"", ""00FF00"", ""00FF00"", ""FF0000"", ""FF0000"", ""00FF00"", ""00FF00"", ""00FF00"", ""00FF00"", ""00FF00"", ""00FF00"", ""00FF00"", ""00FF00"", ""FF0000"", ""00FF00"", ""00FF00"", ""00FF00"", ""00FF00"", ""FF0000"", ""FF0000"", ""00FF00"", ""00FF00"", ""00FF00"", ""00FF00"", ""00FF00"", ""00FF00"", ""00FF00"", ""00FF00"", ""00FF00"", ""00FF00"", ""00FF00"", ""00FF00"", ""00FF00"", ""00FF00"", ""00FF00"", ""00FF00"", ""00FF00"", ""00FF00"", ""FF0000"", ""FF0000"", ""00FF00"", ""00FF00"", ""00FF00"", ""00FF00"", ""00FF00"", ""00FF00"", ""FF0000"", ""FF0000"", ""00FF00"", ""FF0000"", ""00FF00"", ""00FF00"", ""00FF00"", ""00FF00"", ""00FF00"", ""00FF00"", ""00FF00"", ""00FF00"", ""00FF00"", ""00FF00"", ""00FF00"", ""00FF00"", ""00FF00"", ""00FF00"", ""00FF00"", ""00FF00"", ""00FF00"", ""00FF00"", ""00FF00"", ""00FF00"", ""00FF00"", ""00FF00"", ""00FF00"", ""00FF00"", ""00FF00"", ""00FF00"", ""FF0000"", ""00FF00"", ""00FF00"", ""00FF00"", ""00FF00"", ""00FF00"", ""00FF00"", ""FF0000"", ""FF0000"", ""00FF00"", ""00FF00"", ""FF0000"", ""00FF00"", ""00FF00"", ""00FF00"", ""00FF00"", ""00FF00"", ""00FF00"", ""FF0000"", ""00FF00"", ""00FF00"
12,1690829548998,31/07/2023 18:52:28,1690829548901,-7,31/07/2023 11:52:28,0,0,,,30967058,,9189879,,live,,,computer,Desktop or Laptop,Mac OS 10.15.7,Chrome 114.0.0.0,2560x1440,2178x1161,,Task ,6,Test,Test,3,1,2,stim 1,Zone2,response_keyboard_single,2315.2999999970198,,,NO,1,0,1,0,,,,,,trial,p1,5,"c(0.561884109182208, 5.84551241488889, 2.39106976776228, 4.41475518473722, 2.85622056337486, 3.07233443967691, -0.236800398128124, -0.317579199495154, 1.50680573042379, 5.15673333971616, 5.13947048085043, 1.99613148394711, 0.506153886652311, 2.30961573524836, 1.66987325768971, 0.56430930340269, -1.06642982676048, 6.26449710901103, 1.60561777025851, 3.10740146551296, 1.90354954275445, -0.868365746203613, -0.273372583677728, 2.36853835852821, 4.55794414674471, 2.38157685672913, 5.41097091351035, 5.01895284017047, 
0.659310227582427, 3.52793803657027, 2.78431644820927, 0.00740060552909716, 0.906204629166405, 2.95708260403944, 0.809249320113294, 0.818426035868419, 3.57061564712022, 0.939208651116197, 4.32603522919791, 2.71254466391473, 1.66333889868981, -0.275622115601625, -1.94113884055806, 6.07365449203737, 0.867333078189395, 1.61915701066076, 2.63227005081575, 3.46001385906552, 1.78314025972665, -3.23078090415133, -1.30380476009935, 2.4670025412552, -0.320799883493991, 3.19523284014602, 3.35639224444907, 
6.20713252204687, 0.941431934227667, 0.178485464169729, 2.33838033366113, 1.93808090518252, 4.32974017951053, 3.15124181109016, 0.529819183051002, 3.28033425896922, 5.02781789332884, 4.51842152903154, 0.695514324125957, 1.83488419909558, 3.79869706037943, 2.58724850241512, 1.72666108276525, 1.54725335712187, 1.78382193193094, 1.47216391027202, 3.45090551784463, 1.00497421571698, 2.98489249471676, 2.80176296036519, 0.495162546506195, -2.08081966809293, 2.20259501682753, 4.758528916325, 2.38143683659685, 
3.42855185327215, 6.14708843814257, 0.0484392240706684, -0.745140634789614, -0.0975839420594786, 2.8687837188551, 2.0928090460475, -0.16856083464311, 4.90271531094399, 0.400963175150816, 0.419477052520247, 3.34861614707497, 3.43408478766554, 1.44978220296892, -0.959484648231089, 0.00702497291494097, 2.94067924154034)","130"", ""400"", ""340"", ""400"", ""400"", ""400"", ""70"", ""100"", ""250"", ""400"", ""400"", ""280"", ""130"", ""340"", ""250"", ""130"", ""190"", ""400"", ""250"", ""400"", ""280"", ""160"", ""100"", ""340"", ""400"", ""340"", ""400"", ""400"", ""130"", ""400"", ""400"", ""70"", ""160"", ""400"", ""160"", ""160"", ""400"", ""160"", ""400"", ""370"", ""250"", ""100"", ""280"", ""400"", ""160"", ""250"", ""370"", ""400"", ""280"", ""400"", ""220"", ""340"", ""100"", ""400"", ""400"", ""400"", ""160"", ""70"", ""340"", ""280"", ""400"", ""400"", ""130"", ""400"", ""400"", ""400"", ""130"", ""280"", ""400"", ""370"", ""250"", ""250"", ""280"", ""220"", ""400"", ""190"", ""400"", ""400"", ""100"", ""310"", ""310"", ""400"", ""340"", ""400"", ""400"", ""70"", ""130"", ""70"", ""400"", ""310"", ""70"", ""400"", ""100"", ""100"", ""400"", ""400"", ""220"", ""160"", ""70"", ""400","00FF00"", ""00FF00"", ""00FF00"", ""00FF00"", ""00FF00"", ""00FF00"", ""FF0000"", ""FF0000"", ""00FF00"", ""00FF00"", ""00FF00"", ""00FF00"", ""00FF00"", ""00FF00"", ""00FF00"", ""00FF00"", ""FF0000"", ""00FF00"", ""00FF00"", ""00FF00"", ""00FF00"", ""FF0000"", ""FF0000"", ""00FF00"", ""00FF00"", ""00FF00"", ""00FF00"", ""00FF00"", ""00FF00"", ""00FF00"", ""00FF00"", ""00FF00"", ""00FF00"", ""00FF00"", ""00FF00"", ""00FF00"", ""00FF00"", ""00FF00"", ""00FF00"", ""00FF00"", ""00FF00"", ""FF0000"", ""FF0000"", ""00FF00"", ""00FF00"", ""00FF00"", ""00FF00"", ""00FF00"", ""00FF00"", ""FF0000"", ""FF0000"", ""00FF00"", ""FF0000"", ""00FF00"", ""00FF00"", ""00FF00"", ""00FF00"", ""00FF00"", ""00FF00"", ""00FF00"", ""00FF00"", ""00FF00"", ""00FF00"", ""00FF00"", ""00FF00"", ""00FF00"", ""00FF00"", ""00FF00"", ""00FF00"", ""00FF00"", ""00FF00"", ""00FF00"", ""00FF00"", ""00FF00"", ""00FF00"", ""00FF00"", ""00FF00"", ""00FF00"", ""00FF00"", ""FF0000"", ""00FF00"", ""00FF00"", ""00FF00"", ""00FF00"", ""00FF00"", ""00FF00"", ""FF0000"", ""FF0000"", ""00FF00"", ""00FF00"", ""FF0000"", ""00FF00"", ""00FF00"", ""00FF00"", ""00FF00"", ""00FF00"", ""00FF00"", ""FF0000"", ""00FF00"", ""00FF00"
13,1690829549996,31/07/2023 18:52:29,1690829549896,-7,31/07/2023 11:52:29,0,0,,,30967058,,9189879,,live,,,computer,Desktop or Laptop,Mac OS 10.15.7,Chrome 114.0.0.0,2560x1440,2178x1161,,Task ,6,Test,Test,3,1,4,end trial,Zone1,timelimit_screen,1000.0799999999981,,,,,0,1,0,,,1,,,trial,p1,5,"c(0.561884109182208, 5.84551241488889, 2.39106976776228, 4.41475518473722, 2.85622056337486, 3.07233443967691, -0.236800398128124, -0.317579199495154, 1.50680573042379, 5.15673333971616, 5.13947048085043, 1.99613148394711, 0.506153886652311, 2.30961573524836, 1.66987325768971, 0.56430930340269, -1.06642982676048, 6.26449710901103, 1.60561777025851, 3.10740146551296, 1.90354954275445, -0.868365746203613, -0.273372583677728, 2.36853835852821, 4.55794414674471, 2.38157685672913, 5.41097091351035, 5.01895284017047, 
0.659310227582427, 3.52793803657027, 2.78431644820927, 0.00740060552909716, 0.906204629166405, 2.95708260403944, 0.809249320113294, 0.818426035868419, 3.57061564712022, 0.939208651116197, 4.32603522919791, 2.71254466391473, 1.66333889868981, -0.275622115601625, -1.94113884055806, 6.07365449203737, 0.867333078189395, 1.61915701066076, 2.63227005081575, 3.46001385906552, 1.78314025972665, -3.23078090415133, -1.30380476009935, 2.4670025412552, -0.320799883493991, 3.19523284014602, 3.35639224444907, 
6.20713252204687, 0.941431934227667, 0.178485464169729, 2.33838033366113, 1.93808090518252, 4.32974017951053, 3.15124181109016, 0.529819183051002, 3.28033425896922, 5.02781789332884, 4.51842152903154, 0.695514324125957, 1.83488419909558, 3.79869706037943, 2.58724850241512, 1.72666108276525, 1.54725335712187, 1.78382193193094, 1.47216391027202, 3.45090551784463, 1.00497421571698, 2.98489249471676, 2.80176296036519, 0.495162546506195, -2.08081966809293, 2.20259501682753, 4.758528916325, 2.38143683659685, 
3.42855185327215, 6.14708843814257, 0.0484392240706684, -0.745140634789614, -0.0975839420594786, 2.8687837188551, 2.0928090460475, -0.16856083464311, 4.90271531094399, 0.400963175150816, 0.419477052520247, 3.34861614707497, 3.43408478766554, 1.44978220296892, -0.959484648231089, 0.00702497291494097, 2.94067924154034)","130"", ""400"", ""340"", ""400"", ""400"", ""400"", ""70"", ""100"", ""250"", ""400"", ""400"", ""280"", ""130"", ""340"", ""250"", ""130"", ""190"", ""400"", ""250"", ""400"", ""280"", ""160"", ""100"", ""340"", ""400"", ""340"", ""400"", ""400"", ""130"", ""400"", ""400"", ""70"", ""160"", ""400"", ""160"", ""160"", ""400"", ""160"", ""400"", ""370"", ""250"", ""100"", ""280"", ""400"", ""160"", ""250"", ""370"", ""400"", ""280"", ""400"", ""220"", ""340"", ""100"", ""400"", ""400"", ""400"", ""160"", ""70"", ""340"", ""280"", ""400"", ""400"", ""130"", ""400"", ""400"", ""400"", ""130"", ""280"", ""400"", ""370"", ""250"", ""250"", ""280"", ""220"", ""400"", ""190"", ""400"", ""400"", ""100"", ""310"", ""310"", ""400"", ""340"", ""400"", ""400"", ""70"", ""130"", ""70"", ""400"", ""310"", ""70"", ""400"", ""100"", ""100"", ""400"", ""400"", ""220"", ""160"", ""70"", ""400","00FF00"", ""00FF00"", ""00FF00"", ""00FF00"", ""00FF00"", ""00FF00"", ""FF0000"", ""FF0000"", ""00FF00"", ""00FF00"", ""00FF00"", ""00FF00"", ""00FF00"", ""00FF00"", ""00FF00"", ""00FF00"", ""FF0000"", ""00FF00"", ""00FF00"", ""00FF00"", ""00FF00"", ""FF0000"", ""FF0000"", ""00FF00"", ""00FF00"", ""00FF00"", ""00FF00"", ""00FF00"", ""00FF00"", ""00FF00"", ""00FF00"", ""00FF00"", ""00FF00"", ""00FF00"", ""00FF00"", ""00FF00"", ""00FF00"", ""00FF00"", ""00FF00"", ""00FF00"", ""00FF00"", ""FF0000"", ""FF0000"", ""00FF00"", ""00FF00"", ""00FF00"", ""00FF00"", ""00FF00"", ""00FF00"", ""FF0000"", ""FF0000"", ""00FF00"", ""FF0000"", ""00FF00"", ""00FF00"", ""00FF00"", ""00FF00"", ""00FF00"", ""00FF00"", ""00FF00"", ""00FF00"", ""00FF00"", ""00FF00"", ""00FF00"", ""00FF00"", ""00FF00"", ""00FF00"", ""00FF00"", ""00FF00"", ""00FF00"", ""00FF00"", ""00FF00"", ""00FF00"", ""00FF00"", ""00FF00"", ""00FF00"", ""00FF00"", ""00FF00"", ""00FF00"", ""FF0000"", ""00FF00"", ""00FF00"", ""00FF00"", ""00FF00"", ""00FF00"", ""00FF00"", ""FF0000"", ""FF0000"", ""00FF00"", ""00FF00"", ""FF0000"", ""00FF00"", ""00FF00"", ""00FF00"", ""00FF00"", ""00FF00"", ""00FF00"", ""FF0000"", ""00FF00"", ""00FF00"
14,1690829550478,31/07/2023 18:52:30,1690829550393,-7,31/07/2023 11:52:30,0,0,,,30967058,,9189879,,live,,,computer,Desktop or Laptop,Mac OS 10.15.7,Chrome 114.0.0.0,2560x1440,2178x1161,,Task ,6,Test,Test,4,2,1,fixation,fixation,fixation,500.0400000000009,,,,,0,1,0,,,,,,trial,p2,1,"c(-0.0209625688974102, -0.145990770161431, -1.20877529613701, -1.3043288907081, -4.424492191431, -5.09378975728223, -3.89440365459296, -1.59516147557157, -4.05862290633786, -1.78790548117147, -1.5055180067979, -0.631083745310589, -0.724740154312975, -0.946696202776676, -5.15907973476406, 0.21135959654196, -0.303147289307708, -2.26191245483996, -2.97527270404609, -0.216101445196581, -0.878240657518321, -4.37998746957921, 2.01442941760986, -4.45975691188637, -0.44879148190955, -0.817444233740688, -1.75029202980101, 
-1.3762671998724, -1.27711235208279, -3.79111680353873, -0.321172253174884, -3.14595467293367, -1.52407107661244, -2.27032216222507, -0.600271027830191, -2.26492492567657, -2.90922165684726, -1.56961216445966, -2.75543704363066, -1.65612566452025, -2.68124406734333, -1.75279728956869, -4.93280852543263, 2.56620216161921, -1.95493626501178, -1.14278695919741, -5.22516650659669, 0.301252311746488, -0.536600528264419, -7.43795086641303, -1.19221419104694, -3.08801425798074, -3.48694518036728, -3.29273769226551, 
-1.4820527618578, -3.19527565527731, -4.28389958188008, -0.954829393291881, 0.226209617694856, -1.25562444564308, -1.98155835646606, -3.72807012216038, -3.82570256700187, 0.116630543347066, -1.7971483071572, -3.28856116939825, 0.909691568199043, -5.85976988782795, -0.589628682975224, -2.01839832882566, -2.53347474280244, -1.98901529473913, -3.27853921048811, -1.31190886320606, -3.50418402903772, -6.04230836243876, 0.552062271691849, 1.32044217661426, 0.641302724495184, -1.55876408667092, -3.59272568866158, 
-3.34187443338482, -3.54708291082258, 1.15273128099369, -1.24209049119835, -1.70645072913853, -1.54424567406513, -3.58473863115733, -4.46510519736999, 1.55759622850087, -2.42330312518805, -3.65191628419711, -5.43275831460514, -1.60510780180446, -1.13811888293171, -0.0484143815065337, -0.395114739823031, -2.00892477174845, 1.10172187758751, -1.93407974661683)","70"", ""70"", ""190"", ""220"", ""400"", ""400"", ""400"", ""250"", ""400"", ""280"", ""250"", ""130"", ""130"", ""160"", ""400"", ""70"", ""100"", ""340"", ""400"", ""70"", ""160"", ""400"", ""310"", ""400"", ""100"", ""160"", ""280"", ""220"", ""220"", ""400"", ""100"", ""400"", ""250"", ""340"", ""130"", ""340"", ""400"", ""250"", ""400"", ""250"", ""370"", ""280"", ""400"", ""370"", ""280"", ""190"", ""400"", ""100"", ""130"", ""400"", ""190"", ""400"", ""400"", ""400"", ""220"", ""400"", ""400"", ""160"", ""70"", ""220"", ""280"", ""400"", ""400"", ""70"", ""280"", ""400"", ""160"", ""400"", ""130"", ""310"", ""370"", ""280"", ""400"", ""220"", ""400"", ""400"", ""130"", ""220"", ""130"", ""250"", ""400"", ""400"", ""400"", ""190"", ""190"", ""250"", ""250"", ""400"", ""400"", ""250"", ""340"", ""400"", ""400"", ""250"", ""190"", ""70"", ""100"", ""310"", ""190"", ""280","FF0000"", ""FF0000"", ""FF0000"", ""FF0000"", ""FF0000"", ""FF0000"", ""FF0000"", ""FF0000"", ""FF0000"", ""FF0000"", ""FF0000"", ""FF0000"", ""FF0000"", ""FF0000"", ""FF0000"", ""00FF00"", ""FF0000"", ""FF0000"", ""FF0000"", ""FF0000"", ""FF0000"", ""FF0000"", ""00FF00"", ""FF0000"", ""FF0000"", ""FF0000"", ""FF0000"", ""FF0000"", ""FF0000"", ""FF0000"", ""FF0000"", ""FF0000"", ""FF0000"", ""FF0000"", ""FF0000"", ""FF0000"", ""FF0000"", ""FF0000"", ""FF0000"", ""FF0000"", ""FF0000"", ""FF0000"", ""FF0000"", ""00FF00"", ""FF0000"", ""FF0000"", ""FF0000"", ""00FF00"", ""FF0000"", ""FF0000"", ""FF0000"", ""FF0000"", ""FF0000"", ""FF0000"", ""FF0000"", ""FF0000"", ""FF0000"", ""FF0000"", ""00FF00"", ""FF0000"", ""FF0000"", ""FF0000"", ""FF0000"", ""00FF00"", ""FF0000"", ""FF0000"", ""00FF00"", ""FF0000"", ""FF0000"", ""FF0000"", ""FF0000"", ""FF0000"", ""FF0000"", ""FF0000"", ""FF0000"", ""FF0000"", ""00FF00"", ""00FF00"", ""00FF00"", ""FF0000"", ""FF0000"", ""FF0000"", ""FF0000"", ""00FF00"", ""FF0000"", ""FF0000"", ""FF0000"", ""FF0000"", ""FF0000"", ""00FF00"", ""FF0000"", ""FF0000"", ""FF0000"", ""FF0000"", ""FF0000"", ""FF0000"", ""FF0000"", ""FF0000"", ""00FF00"", ""FF0000"
15,1690829551433,31/07/2023 18:52:31,1690829551342,-7,31/07/2023 11:52:31,0,0,,,30967058,,9189879,,live,,,computer,Desktop or Laptop,Mac OS 10.15.7,Chrome 114.0.0.0,2560x1440,2178x1161,,Task ,6,Test,Test,4,2,2,stim 1,Zone2,response_keyboard_single,946,,,NO,1,0,1,0,,,,,,trial,p2,1,"c(-0.0209625688974102, -0.145990770161431, -1.20877529613701, -1.3043288907081, -4.424492191431, -5.09378975728223, -3.89440365459296, -1.59516147557157, -4.05862290633786, -1.78790548117147, -1.5055180067979, -0.631083745310589, -0.724740154312975, -0.946696202776676, -5.15907973476406, 0.21135959654196, -0.303147289307708, -2.26191245483996, -2.97527270404609, -0.216101445196581, -0.878240657518321, -4.37998746957921, 2.01442941760986, -4.45975691188637, -0.44879148190955, -0.817444233740688, -1.75029202980101, 
-1.3762671998724, -1.27711235208279, -3.79111680353873, -0.321172253174884, -3.14595467293367, -1.52407107661244, -2.27032216222507, -0.600271027830191, -2.26492492567657, -2.90922165684726, -1.56961216445966, -2.75543704363066, -1.65612566452025, -2.68124406734333, -1.75279728956869, -4.93280852543263, 2.56620216161921, -1.95493626501178, -1.14278695919741, -5.22516650659669, 0.301252311746488, -0.536600528264419, -7.43795086641303, -1.19221419104694, -3.08801425798074, -3.48694518036728, -3.29273769226551, 
-1.4820527618578, -3.19527565527731, -4.28389958188008, -0.954829393291881, 0.226209617694856, -1.25562444564308, -1.98155835646606, -3.72807012216038, -3.82570256700187, 0.116630543347066, -1.7971483071572, -3.28856116939825, 0.909691568199043, -5.85976988782795, -0.589628682975224, -2.01839832882566, -2.53347474280244, -1.98901529473913, -3.27853921048811, -1.31190886320606, -3.50418402903772, -6.04230836243876, 0.552062271691849, 1.32044217661426, 0.641302724495184, -1.55876408667092, -3.59272568866158, 
-3.34187443338482, -3.54708291082258, 1.15273128099369, -1.24209049119835, -1.70645072913853, -1.54424567406513, -3.58473863115733, -4.46510519736999, 1.55759622850087, -2.42330312518805, -3.65191628419711, -5.43275831460514, -1.60510780180446, -1.13811888293171, -0.0484143815065337, -0.395114739823031, -2.00892477174845, 1.10172187758751, -1.93407974661683)","70"", ""70"", ""190"", ""220"", ""400"", ""400"", ""400"", ""250"", ""400"", ""280"", ""250"", ""130"", ""130"", ""160"", ""400"", ""70"", ""100"", ""340"", ""400"", ""70"", ""160"", ""400"", ""310"", ""400"", ""100"", ""160"", ""280"", ""220"", ""220"", ""400"", ""100"", ""400"", ""250"", ""340"", ""130"", ""340"", ""400"", ""250"", ""400"", ""250"", ""370"", ""280"", ""400"", ""370"", ""280"", ""190"", ""400"", ""100"", ""130"", ""400"", ""190"", ""400"", ""400"", ""400"", ""220"", ""400"", ""400"", ""160"", ""70"", ""220"", ""280"", ""400"", ""400"", ""70"", ""280"", ""400"", ""160"", ""400"", ""130"", ""310"", ""370"", ""280"", ""400"", ""220"", ""400"", ""400"", ""130"", ""220"", ""130"", ""250"", ""400"", ""400"", ""400"", ""190"", ""190"", ""250"", ""250"", ""400"", ""400"", ""250"", ""340"", ""400"", ""400"", ""250"", ""190"", ""70"", ""100"", ""310"", ""190"", ""280","FF0000"", ""FF0000"", ""FF0000"", ""FF0000"", ""FF0000"", ""FF0000"", ""FF0000"", ""FF0000"", ""FF0000"", ""FF0000"", ""FF0000"", ""FF0000"", ""FF0000"", ""FF0000"", ""FF0000"", ""00FF00"", ""FF0000"", ""FF0000"", ""FF0000"", ""FF0000"", ""FF0000"", ""FF0000"", ""00FF00"", ""FF0000"", ""FF0000"", ""FF0000"", ""FF0000"", ""FF0000"", ""FF0000"", ""FF0000"", ""FF0000"", ""FF0000"", ""FF0000"", ""FF0000"", ""FF0000"", ""FF0000"", ""FF0000"", ""FF0000"", ""FF0000"", ""FF0000"", ""FF0000"", ""FF0000"", ""FF0000"", ""00FF00"", ""FF0000"", ""FF0000"", ""FF0000"", ""00FF00"", ""FF0000"", ""FF0000"", ""FF0000"", ""FF0000"", ""FF0000"", ""FF0000"", ""FF0000"", ""FF0000"", ""FF0000"", ""FF0000"", ""00FF00"", ""FF0000"", ""FF0000"", ""FF0000"", ""FF0000"", ""00FF00"", ""FF0000"", ""FF0000"", ""00FF00"", ""FF0000"", ""FF0000"", ""FF0000"", ""FF0000"", ""FF0000"", ""FF0000"", ""FF0000"", ""FF0000"", ""FF0000"", ""00FF00"", ""00FF00"", ""00FF00"", ""FF0000"", ""FF0000"", ""FF0000"", ""FF0000"", ""00FF00"", ""FF0000"", ""FF0000"", ""FF0000"", ""FF0000"", ""FF0000"", ""00FF00"", ""FF0000"", ""FF0000"", ""FF0000"", ""FF0000"", ""FF0000"", ""FF0000"", ""FF0000"", ""FF0000"", ""00FF00"", ""FF0000"
16,1690829552427,31/07/2023 18:52:32,1690829552343,-7,31/07/2023 11:52:32,0,0,,,30967058,,9189879,,live,,,computer,Desktop or Laptop,Mac OS 10.15.7,Chrome 114.0.0.0,2560x1440,2178x1161,,Task ,6,Test,Test,4,2,4,end trial,Zone1,timelimit_screen,1000.0800000000017,,,,,0,1,0,,,1,,,trial,p2,1,"c(-0.0209625688974102, -0.145990770161431, -1.20877529613701, -1.3043288907081, -4.424492191431, -5.09378975728223, -3.89440365459296, -1.59516147557157, -4.05862290633786, -1.78790548117147, -1.5055180067979, -0.631083745310589, -0.724740154312975, -0.946696202776676, -5.15907973476406, 0.21135959654196, -0.303147289307708, -2.26191245483996, -2.97527270404609, -0.216101445196581, -0.878240657518321, -4.37998746957921, 2.01442941760986, -4.45975691188637, -0.44879148190955, -0.817444233740688, -1.75029202980101, 
-1.3762671998724, -1.27711235208279, -3.79111680353873, -0.321172253174884, -3.14595467293367, -1.52407107661244, -2.27032216222507, -0.600271027830191, -2.26492492567657, -2.90922165684726, -1.56961216445966, -2.75543704363066, -1.65612566452025, -2.68124406734333, -1.75279728956869, -4.93280852543263, 2.56620216161921, -1.95493626501178, -1.14278695919741, -5.22516650659669, 0.301252311746488, -0.536600528264419, -7.43795086641303, -1.19221419104694, -3.08801425798074, -3.48694518036728, -3.29273769226551, 
-1.4820527618578, -3.19527565527731, -4.28389958188008, -0.954829393291881, 0.226209617694856, -1.25562444564308, -1.98155835646606, -3.72807012216038, -3.82570256700187, 0.116630543347066, -1.7971483071572, -3.28856116939825, 0.909691568199043, -5.85976988782795, -0.589628682975224, -2.01839832882566, -2.53347474280244, -1.98901529473913, -3.27853921048811, -1.31190886320606, -3.50418402903772, -6.04230836243876, 0.552062271691849, 1.32044217661426, 0.641302724495184, -1.55876408667092, -3.59272568866158, 
-3.34187443338482, -3.54708291082258, 1.15273128099369, -1.24209049119835, -1.70645072913853, -1.54424567406513, -3.58473863115733, -4.46510519736999, 1.55759622850087, -2.42330312518805, -3.65191628419711, -5.43275831460514, -1.60510780180446, -1.13811888293171, -0.0484143815065337, -0.395114739823031, -2.00892477174845, 1.10172187758751, -1.93407974661683)","70"", ""70"", ""190"", ""220"", ""400"", ""400"", ""400"", ""250"", ""400"", ""280"", ""250"", ""130"", ""130"", ""160"", ""400"", ""70"", ""100"", ""340"", ""400"", ""70"", ""160"", ""400"", ""310"", ""400"", ""100"", ""160"", ""280"", ""220"", ""220"", ""400"", ""100"", ""400"", ""250"", ""340"", ""130"", ""340"", ""400"", ""250"", ""400"", ""250"", ""370"", ""280"", ""400"", ""370"", ""280"", ""190"", ""400"", ""100"", ""130"", ""400"", ""190"", ""400"", ""400"", ""400"", ""220"", ""400"", ""400"", ""160"", ""70"", ""220"", ""280"", ""400"", ""400"", ""70"", ""280"", ""400"", ""160"", ""400"", ""130"", ""310"", ""370"", ""280"", ""400"", ""220"", ""400"", ""400"", ""130"", ""220"", ""130"", ""250"", ""400"", ""400"", ""400"", ""190"", ""190"", ""250"", ""250"", ""400"", ""400"", ""250"", ""340"", ""400"", ""400"", ""250"", ""190"", ""70"", ""100"", ""310"", ""190"", ""280","FF0000"", ""FF0000"", ""FF0000"", ""FF0000"", ""FF0000"", ""FF0000"", ""FF0000"", ""FF0000"", ""FF0000"", ""FF0000"", ""FF0000"", ""FF0000"", ""FF0000"", ""FF0000"", ""FF0000"", ""00FF00"", ""FF0000"", ""FF0000"", ""FF0000"", ""FF0000"", ""FF0000"", ""FF0000"", ""00FF00"", ""FF0000"", ""FF0000"", ""FF0000"", ""FF0000"", ""FF0000"", ""FF0000"", ""FF0000"", ""FF0000"", ""FF0000"", ""FF0000"", ""FF0000"", ""FF0000"", ""FF0000"", ""FF0000"", ""FF0000"", ""FF0000"", ""FF0000"", ""FF0000"", ""FF0000"", ""FF0000"", ""00FF00"", ""FF0000"", ""FF0000"", ""FF0000"", ""00FF00"", ""FF0000"", ""FF0000"", ""FF0000"", ""FF0000"", ""FF0000"", ""FF0000"", ""FF0000"", ""FF0000"", ""FF0000"", ""FF0000"", ""00FF00"", ""FF0000"", ""FF0000"", ""FF0000"", ""FF0000"", ""00FF00"", ""FF0000"", ""FF0000"", ""00FF00"", ""FF0000"", ""FF0000"", ""FF0000"", ""FF0000"", ""FF0000"", ""FF0000"", ""FF0000"", ""FF0000"", ""FF0000"", ""00FF00"", ""00FF00"", ""00FF00"", ""FF0000"", ""FF0000"", ""FF0000"", ""FF0000"", ""00FF00"", ""FF0000"", ""FF0000"", ""FF0000"", ""FF0000"", ""FF0000"", ""00FF00"", ""FF0000"", ""FF0000"", ""FF0000"", ""FF0000"", ""FF0000"", ""FF0000"", ""FF0000"", ""FF0000"", ""00FF00"", ""FF0000"
17,1690829593934,31/07/2023 18:53:13,1690829593833,-7,31/07/2023 11:53:13,0,0,,,30967058,,9189879,,live,,,computer,Desktop or Laptop,Mac OS 10.15.7,Chrome 114.0.0.0,2560x1440,2178x1161,,Task ,6,Test,Test,5,1,1,Screen 1,advancementZone,continue_button,41474.10000000149,,,,,0,1,0,,,,,,practiceEnd,,,,,
18,1690829596447,31/07/2023 18:53:16,1690829596348,-7,31/07/2023 11:53:16,0,0,,,30967058,,9189879,,live,,,computer,Desktop or Laptop,Mac OS 10.15.7,Chrome 114.0.0.0,2560x1440,2178x1161,,Task ,6,Test,Test,6,1,1,Screen 1,advancementZone,continue_button,2506.89999999851,,,,,0,1,0,,,,,,blockStart,,,,,
19,1690829596932,31/07/2023 18:53:16,1690829596833,-7,31/07/2023 11:53:16,0,0,,,30967058,,9189879,,live,,,computer,Desktop or Laptop,Mac OS 10.15.7,Chrome 114.0.0.0,2560x1440,2178x1161,,Task ,6,Test,Test,13,3,1,fixation,fixation,fixation,500.0399999999936,,,,,0,1,0,,,,2,2,trial,4,4,"c(1.70668658332501, 3.38364364575957, 1.67553912139694, 2.40450513763694, 2.77673136042604, 4.5860627521724, 2.79171791253149, 2.62079960265789, -0.118220783720434, 2.46765214391298, 1.51450117642642, 4.79503704601985, 1.30100458385745, 1.80258578758251, 2.41903867047727, -1.81952956013882, 3.0454290473421, 1.23147892186556, 3.99992620928263, 4.95478126444822, 0.417037341847752, 3.07469353875615, -1.12012302176036, 0.58329200338313, 2.31794818709791, -2.00134098646743, 1.71918415032277, 1.91363753621354, 
2.7782236599797, -1.05499441017458, 4.7828473533479, 2.66932848923104, 1.62337750757716, 1.00290647052324, 2.05753186602713, 1.55329587794438, 4.35942233433914, -0.725039347614847, 1.75124822658523, 0.232426689347767, 2.42968361656424, 3.18180951495067, 3.24662087855348, 2.28796220857996, -0.112376385802376, 2.02316050131693, 1.01546766050954, -1.91138204975422, 4.68939350772763, 0.0494753109402077, 1.19471587323472, 1.61640934306249, 0.611885494311917, -0.928091530230742, 1.75362979927608, 2.94307218344483, 
-0.491533958169448, 4.473970260067, 3.97016643605644, 2.13069818277864, 2.36152027173926, 2.00613055350982, 4.15101752288607, 0.939952850024336, 3.54468627478006, 3.09122330902436, 3.21025494289975, 0.267907958747754, -2.29266759765041, 4.54213294037409, 2.0526153869956, 2.49592141611338, 8.86596843697354, 1.96264429640027, 0.247194678028928, 2.12799060371662, 3.07516459377743, -1.41132908539415, -1.6357384183446, -0.0759934513641096, 3.69950156731864, 0.581277800088396, -0.329791963438447, -1.46944804997789, 
-1.06529717310488, -0.884862673643377, 1.30041676742071, 0.813331368113328, 2.16447819317337, -0.154438832421718, 1.46647008481415, 2.49835597128061, -0.368181088468801, -2.77961083144431, 1.83718409733111, 3.30632040311189, 0.646130253963358, 1.47098783309239, 4.76438565425655, 3.97361393028954)","100"", ""220"", ""190"", ""160"", ""400"", ""340"", ""400"", ""370"", ""400"", ""400"", ""400"", ""280"", ""400"", ""310"", ""220"", ""160"", ""280"", ""160"", ""190"", ""220"", ""400"", ""400"", ""190"", ""400"", ""160"", ""310"", ""400"", ""160"", ""400"", ""400"", ""250"", ""370"", ""310"", ""190"", ""100"", ""400"", ""70"", ""400"", ""70"", ""130"", ""400"", ""400"", ""220"", ""400"", ""340"", ""70"", ""310"", ""220"", ""160"", ""280"", ""160"", ""280"", ""400"", ""160"", ""70"", ""190"", ""70"", ""400"", ""100"", ""280"", ""100"", ""100"", ""70"", ""400"", ""310"", ""280"", ""70"", ""310"", ""220"", ""340"", ""160"", ""190"", ""220"", ""100"", ""160"", ""160"", ""280"", ""250"", ""250"", ""70"", ""400"", ""250"", ""310"", ""340"", ""340"", ""190"", ""160"", ""220"", ""400"", ""160"", ""220"", ""340"", ""400"", ""130"", ""310"", ""100"", ""400"", ""400"", ""100"", ""70","00FF00"", ""00FF00"", ""FF0000"", ""FF0000"", ""00FF00"", ""00FF00"", ""00FF00"", ""FF0000"", ""00FF00"", ""00FF00"", ""00FF00"", ""00FF00"", ""00FF00"", ""00FF00"", ""00FF00"", ""FF0000"", ""00FF00"", ""FF0000"", ""00FF00"", ""00FF00"", ""00FF00"", ""00FF00"", ""00FF00"", ""00FF00"", ""FF0000"", ""00FF00"", ""00FF00"", ""FF0000"", ""00FF00"", ""00FF00"", ""00FF00"", ""00FF00"", ""00FF00"", ""FF0000"", ""FF0000"", ""00FF00"", ""FF0000"", ""00FF00"", ""FF0000"", ""FF0000"", ""00FF00"", ""00FF00"", ""FF0000"", ""00FF00"", ""00FF00"", ""00FF00"", ""00FF00"", ""00FF00"", ""00FF00"", ""00FF00"", ""FF0000"", ""FF0000"", ""00FF00"", ""00FF00"", ""FF0000"", ""FF0000"", ""00FF00"", ""00FF00"", ""FF0000"", ""FF0000"", ""FF0000"", ""00FF00"", ""00FF00"", ""00FF00"", ""00FF00"", ""FF0000"", ""FF0000"", ""00FF00"", ""00FF00"", ""00FF00"", ""00FF00"", ""00FF00"", ""00FF00"", ""FF0000"", ""00FF00"", ""FF0000"", ""00FF00"", ""00FF00"", ""FF0000"", ""00FF00"", ""00FF00"", ""FF0000"", ""00FF00"", ""00FF00"", ""00FF00"", ""00FF00"", ""00FF00"", ""FF0000"", ""00FF00"", ""FF0000"", ""00FF00"", ""00FF00"", ""00FF00"", ""00FF00"", ""FF0000"", ""00FF00"", ""00FF00"", ""00FF00"", ""FF0000"", ""FF0000"
20,1690829609033,31/07/2023 18:53:29,1690829608942,-7,31/07/2023 11:53:28,0,0,,,30967058,,9189879,,live,,,computer,Desktop or Laptop,Mac OS 10.15.7,Chrome 114.0.0.0,2560x1440,2178x1161,,Task ,6,Test,Test,13,3,2,stim 1,script,force_advance,12101.360999999997,,,,,0,1,0,,,1,2,2,trial,4,4,"c(1.70668658332501, 3.38364364575957, 1.67553912139694, 2.40450513763694, 2.77673136042604, 4.5860627521724, 2.79171791253149, 2.62079960265789, -0.118220783720434, 2.46765214391298, 1.51450117642642, 4.79503704601985, 1.30100458385745, 1.80258578758251, 2.41903867047727, -1.81952956013882, 3.0454290473421, 1.23147892186556, 3.99992620928263, 4.95478126444822, 0.417037341847752, 3.07469353875615, -1.12012302176036, 0.58329200338313, 2.31794818709791, -2.00134098646743, 1.71918415032277, 1.91363753621354, 
2.7782236599797, -1.05499441017458, 4.7828473533479, 2.66932848923104, 1.62337750757716, 1.00290647052324, 2.05753186602713, 1.55329587794438, 4.35942233433914, -0.725039347614847, 1.75124822658523, 0.232426689347767, 2.42968361656424, 3.18180951495067, 3.24662087855348, 2.28796220857996, -0.112376385802376, 2.02316050131693, 1.01546766050954, -1.91138204975422, 4.68939350772763, 0.0494753109402077, 1.19471587323472, 1.61640934306249, 0.611885494311917, -0.928091530230742, 1.75362979927608, 2.94307218344483, 
-0.491533958169448, 4.473970260067, 3.97016643605644, 2.13069818277864, 2.36152027173926, 2.00613055350982, 4.15101752288607, 0.939952850024336, 3.54468627478006, 3.09122330902436, 3.21025494289975, 0.267907958747754, -2.29266759765041, 4.54213294037409, 2.0526153869956, 2.49592141611338, 8.86596843697354, 1.96264429640027, 0.247194678028928, 2.12799060371662, 3.07516459377743, -1.41132908539415, -1.6357384183446, -0.0759934513641096, 3.69950156731864, 0.581277800088396, -0.329791963438447, -1.46944804997789, 
-1.06529717310488, -0.884862673643377, 1.30041676742071, 0.813331368113328, 2.16447819317337, -0.154438832421718, 1.46647008481415, 2.49835597128061, -0.368181088468801, -2.77961083144431, 1.83718409733111, 3.30632040311189, 0.646130253963358, 1.47098783309239, 4.76438565425655, 3.97361393028954)","100"", ""220"", ""190"", ""160"", ""400"", ""340"", ""400"", ""370"", ""400"", ""400"", ""400"", ""280"", ""400"", ""310"", ""220"", ""160"", ""280"", ""160"", ""190"", ""220"", ""400"", ""400"", ""190"", ""400"", ""160"", ""310"", ""400"", ""160"", ""400"", ""400"", ""250"", ""370"", ""310"", ""190"", ""100"", ""400"", ""70"", ""400"", ""70"", ""130"", ""400"", ""400"", ""220"", ""400"", ""340"", ""70"", ""310"", ""220"", ""160"", ""280"", ""160"", ""280"", ""400"", ""160"", ""70"", ""190"", ""70"", ""400"", ""100"", ""280"", ""100"", ""100"", ""70"", ""400"", ""310"", ""280"", ""70"", ""310"", ""220"", ""340"", ""160"", ""190"", ""220"", ""100"", ""160"", ""160"", ""280"", ""250"", ""250"", ""70"", ""400"", ""250"", ""310"", ""340"", ""340"", ""190"", ""160"", ""220"", ""400"", ""160"", ""220"", ""340"", ""400"", ""130"", ""310"", ""100"", ""400"", ""400"", ""100"", ""70","00FF00"", ""00FF00"", ""FF0000"", ""FF0000"", ""00FF00"", ""00FF00"", ""00FF00"", ""FF0000"", ""00FF00"", ""00FF00"", ""00FF00"", ""00FF00"", ""00FF00"", ""00FF00"", ""00FF00"", ""FF0000"", ""00FF00"", ""FF0000"", ""00FF00"", ""00FF00"", ""00FF00"", ""00FF00"", ""00FF00"", ""00FF00"", ""FF0000"", ""00FF00"", ""00FF00"", ""FF0000"", ""00FF00"", ""00FF00"", ""00FF00"", ""00FF00"", ""00FF00"", ""FF0000"", ""FF0000"", ""00FF00"", ""FF0000"", ""00FF00"", ""FF0000"", ""FF0000"", ""00FF00"", ""00FF00"", ""FF0000"", ""00FF00"", ""00FF00"", ""00FF00"", ""00FF00"", ""00FF00"", ""00FF00"", ""00FF00"", ""FF0000"", ""FF0000"", ""00FF00"", ""00FF00"", ""FF0000"", ""FF0000"", ""00FF00"", ""00FF00"", ""FF0000"", ""FF0000"", ""FF0000"", ""00FF00"", ""00FF00"", ""00FF00"", ""00FF00"", ""FF0000"", ""FF0000"", ""00FF00"", ""00FF00"", ""00FF00"", ""00FF00"", ""00FF00"", ""00FF00"", ""FF0000"", ""00FF00"", ""FF0000"", ""00FF00"", ""00FF00"", ""FF0000"", ""00FF00"", ""00FF00"", ""FF0000"", ""00FF00"", ""00FF00"", ""00FF00"", ""00FF00"", ""00FF00"", ""FF0000"", ""00FF00"", ""FF0000"", ""00FF00"", ""00FF00"", ""00FF00"", ""00FF00"", ""FF0000"", ""00FF00"", ""00FF00"", ""00FF00"", ""FF0000"", ""FF0000"
21,1690829612039,31/07/2023 18:53:32,1690829611936,-7,31/07/2023 11:53:31,0,0,,,30967058,,9189879,,live,,,computer,Desktop or Laptop,Mac OS 10.15.7,Chrome 114.0.0.0,2560x1440,2178x1161,,Task ,6,Test,Test,13,3,3,faster,Zone2,timelimit_screen,3000.2400000000052,,,,,0,1,0,,,1,2,2,trial,4,4,"c(1.70668658332501, 3.38364364575957, 1.67553912139694, 2.40450513763694, 2.77673136042604, 4.5860627521724, 2.79171791253149, 2.62079960265789, -0.118220783720434, 2.46765214391298, 1.51450117642642, 4.79503704601985, 1.30100458385745, 1.80258578758251, 2.41903867047727, -1.81952956013882, 3.0454290473421, 1.23147892186556, 3.99992620928263, 4.95478126444822, 0.417037341847752, 3.07469353875615, -1.12012302176036, 0.58329200338313, 2.31794818709791, -2.00134098646743, 1.71918415032277, 1.91363753621354, 
2.7782236599797, -1.05499441017458, 4.7828473533479, 2.66932848923104, 1.62337750757716, 1.00290647052324, 2.05753186602713, 1.55329587794438, 4.35942233433914, -0.725039347614847, 1.75124822658523, 0.232426689347767, 2.42968361656424, 3.18180951495067, 3.24662087855348, 2.28796220857996, -0.112376385802376, 2.02316050131693, 1.01546766050954, -1.91138204975422, 4.68939350772763, 0.0494753109402077, 1.19471587323472, 1.61640934306249, 0.611885494311917, -0.928091530230742, 1.75362979927608, 2.94307218344483, 
-0.491533958169448, 4.473970260067, 3.97016643605644, 2.13069818277864, 2.36152027173926, 2.00613055350982, 4.15101752288607, 0.939952850024336, 3.54468627478006, 3.09122330902436, 3.21025494289975, 0.267907958747754, -2.29266759765041, 4.54213294037409, 2.0526153869956, 2.49592141611338, 8.86596843697354, 1.96264429640027, 0.247194678028928, 2.12799060371662, 3.07516459377743, -1.41132908539415, -1.6357384183446, -0.0759934513641096, 3.69950156731864, 0.581277800088396, -0.329791963438447, -1.46944804997789, 
-1.06529717310488, -0.884862673643377, 1.30041676742071, 0.813331368113328, 2.16447819317337, -0.154438832421718, 1.46647008481415, 2.49835597128061, -0.368181088468801, -2.77961083144431, 1.83718409733111, 3.30632040311189, 0.646130253963358, 1.47098783309239, 4.76438565425655, 3.97361393028954)","100"", ""220"", ""190"", ""160"", ""400"", ""340"", ""400"", ""370"", ""400"", ""400"", ""400"", ""280"", ""400"", ""310"", ""220"", ""160"", ""280"", ""160"", ""190"", ""220"", ""400"", ""400"", ""190"", ""400"", ""160"", ""310"", ""400"", ""160"", ""400"", ""400"", ""250"", ""370"", ""310"", ""190"", ""100"", ""400"", ""70"", ""400"", ""70"", ""130"", ""400"", ""400"", ""220"", ""400"", ""340"", ""70"", ""310"", ""220"", ""160"", ""280"", ""160"", ""280"", ""400"", ""160"", ""70"", ""190"", ""70"", ""400"", ""100"", ""280"", ""100"", ""100"", ""70"", ""400"", ""310"", ""280"", ""70"", ""310"", ""220"", ""340"", ""160"", ""190"", ""220"", ""100"", ""160"", ""160"", ""280"", ""250"", ""250"", ""70"", ""400"", ""250"", ""310"", ""340"", ""340"", ""190"", ""160"", ""220"", ""400"", ""160"", ""220"", ""340"", ""400"", ""130"", ""310"", ""100"", ""400"", ""400"", ""100"", ""70","00FF00"", ""00FF00"", ""FF0000"", ""FF0000"", ""00FF00"", ""00FF00"", ""00FF00"", ""FF0000"", ""00FF00"", ""00FF00"", ""00FF00"", ""00FF00"", ""00FF00"", ""00FF00"", ""00FF00"", ""FF0000"", ""00FF00"", ""FF0000"", ""00FF00"", ""00FF00"", ""00FF00"", ""00FF00"", ""00FF00"", ""00FF00"", ""FF0000"", ""00FF00"", ""00FF00"", ""FF0000"", ""00FF00"", ""00FF00"", ""00FF00"", ""00FF00"", ""00FF00"", ""FF0000"", ""FF0000"", ""00FF00"", ""FF0000"", ""00FF00"", ""FF0000"", ""FF0000"", ""00FF00"", ""00FF00"", ""FF0000"", ""00FF00"", ""00FF00"", ""00FF00"", ""00FF00"", ""00FF00"", ""00FF00"", ""00FF00"", ""FF0000"", ""FF0000"", ""00FF00"", ""00FF00"", ""FF0000"", ""FF0000"", ""00FF00"", ""00FF00"", ""FF0000"", ""FF0000"", ""FF0000"", ""00FF00"", ""00FF00"", ""00FF00"", ""00FF00"", ""FF0000"", ""FF0000"", ""00FF00"", ""00FF00"", ""00FF00"", ""00FF00"", ""00FF00"", ""00FF00"", ""FF0000"", ""00FF00"", ""FF0000"", ""00FF00"", ""00FF00"", ""FF0000"", ""00FF00"", ""00FF00"", ""FF0000"", ""00FF00"", ""00FF00"", ""00FF00"", ""00FF00"", ""00FF00"", ""FF0000"", ""00FF00"", ""FF0000"", ""00FF00"", ""00FF00"", ""00FF00"", ""00FF00"", ""FF0000"", ""00FF00"", ""00FF00"", ""00FF00"", ""FF0000"", ""FF0000"
22,1690829613031,31/07/2023 18:53:33,1690829612934,-7,31/07/2023 11:53:32,0,0,,,30967058,,9189879,,live,,,computer,Desktop or Laptop,Mac OS 10.15.7,Chrome 114.0.0.0,2560x1440,2178x1161,,Task ,6,Test,Test,13,3,4,end trial,Zone1,timelimit_screen,1000.0800000000017,,,,,0,1,0,,,1,2,2,trial,4,4,"c(1.70668658332501, 3.38364364575957, 1.67553912139694, 2.40450513763694, 2.77673136042604, 4.5860627521724, 2.79171791253149, 2.62079960265789, -0.118220783720434, 2.46765214391298, 1.51450117642642, 4.79503704601985, 1.30100458385745, 1.80258578758251, 2.41903867047727, -1.81952956013882, 3.0454290473421, 1.23147892186556, 3.99992620928263, 4.95478126444822, 0.417037341847752, 3.07469353875615, -1.12012302176036, 0.58329200338313, 2.31794818709791, -2.00134098646743, 1.71918415032277, 1.91363753621354, 
2.7782236599797, -1.05499441017458, 4.7828473533479, 2.66932848923104, 1.62337750757716, 1.00290647052324, 2.05753186602713, 1.55329587794438, 4.35942233433914, -0.725039347614847, 1.75124822658523, 0.232426689347767, 2.42968361656424, 3.18180951495067, 3.24662087855348, 2.28796220857996, -0.112376385802376, 2.02316050131693, 1.01546766050954, -1.91138204975422, 4.68939350772763, 0.0494753109402077, 1.19471587323472, 1.61640934306249, 0.611885494311917, -0.928091530230742, 1.75362979927608, 2.94307218344483, 
-0.491533958169448, 4.473970260067, 3.97016643605644, 2.13069818277864, 2.36152027173926, 2.00613055350982, 4.15101752288607, 0.939952850024336, 3.54468627478006, 3.09122330902436, 3.21025494289975, 0.267907958747754, -2.29266759765041, 4.54213294037409, 2.0526153869956, 2.49592141611338, 8.86596843697354, 1.96264429640027, 0.247194678028928, 2.12799060371662, 3.07516459377743, -1.41132908539415, -1.6357384183446, -0.0759934513641096, 3.69950156731864, 0.581277800088396, -0.329791963438447, -1.46944804997789, 
-1.06529717310488, -0.884862673643377, 1.30041676742071, 0.813331368113328, 2.16447819317337, -0.154438832421718, 1.46647008481415, 2.49835597128061, -0.368181088468801, -2.77961083144431, 1.83718409733111, 3.30632040311189, 0.646130253963358, 1.47098783309239, 4.76438565425655, 3.97361393028954)","100"", ""220"", ""190"", ""160"", ""400"", ""340"", ""400"", ""370"", ""400"", ""400"", ""400"", ""280"", ""400"", ""310"", ""220"", ""160"", ""280"", ""160"", ""190"", ""220"", ""400"", ""400"", ""190"", ""400"", ""160"", ""310"", ""400"", ""160"", ""400"", ""400"", ""250"", ""370"", ""310"", ""190"", ""100"", ""400"", ""70"", ""400"", ""70"", ""130"", ""400"", ""400"", ""220"", ""400"", ""340"", ""70"", ""310"", ""220"", ""160"", ""280"", ""160"", ""280"", ""400"", ""160"", ""70"", ""190"", ""70"", ""400"", ""100"", ""280"", ""100"", ""100"", ""70"", ""400"", ""310"", ""280"", ""70"", ""310"", ""220"", ""340"", ""160"", ""190"", ""220"", ""100"", ""160"", ""160"", ""280"", ""250"", ""250"", ""70"", ""400"", ""250"", ""310"", ""340"", ""340"", ""190"", ""160"", ""220"", ""400"", ""160"", ""220"", ""340"", ""400"", ""130"", ""310"", ""100"", ""400"", ""400"", ""100"", ""70","00FF00"", ""00FF00"", ""FF0000"", ""FF0000"", ""00FF00"", ""00FF00"", ""00FF00"", ""FF0000"", ""00FF00"", ""00FF00"", ""00FF00"", ""00FF00"", ""00FF00"", ""00FF00"", ""00FF00"", ""FF0000"", ""00FF00"", ""FF0000"", ""00FF00"", ""00FF00"", ""00FF00"", ""00FF00"", ""00FF00"", ""00FF00"", ""FF0000"", ""00FF00"", ""00FF00"", ""FF0000"", ""00FF00"", ""00FF00"", ""00FF00"", ""00FF00"", ""00FF00"", ""FF0000"", ""FF0000"", ""00FF00"", ""FF0000"", ""00FF00"", ""FF0000"", ""FF0000"", ""00FF00"", ""00FF00"", ""FF0000"", ""00FF00"", ""00FF00"", ""00FF00"", ""00FF00"", ""00FF00"", ""00FF00"", ""00FF00"", ""FF0000"", ""FF0000"", ""00FF00"", ""00FF00"", ""FF0000"", ""FF0000"", ""00FF00"", ""00FF00"", ""FF0000"", ""FF0000"", ""FF0000"", ""00FF00"", ""00FF00"", ""00FF00"", ""00FF00"", ""FF0000"", ""FF0000"", ""00FF00"", ""00FF00"", ""00FF00"", ""00FF00"", ""00FF00"", ""00FF00"", ""FF0000"", ""00FF00"", ""FF0000"", ""00FF00"", ""00FF00"", ""FF0000"", ""00FF00"", ""00FF00"", ""FF0000"", ""00FF00"", ""00FF00"", ""00FF00"", ""00FF00"", ""00FF00"", ""FF0000"", ""00FF00"", ""FF0000"", ""00FF00"", ""00FF00"", ""00FF00"", ""00FF00"", ""FF0000"", ""00FF00"", ""00FF00"", ""00FF00"", ""FF0000"", ""FF0000"
23,1690829613523,31/07/2023 18:53:33,1690829613435,-7,31/07/2023 11:53:33,0,0,,,30967058,,9189879,,live,,,computer,Desktop or Laptop,Mac OS 10.15.7,Chrome 114.0.0.0,2560x1440,2178x1161,,Task ,6,Test,Test,12,4,1,fixation,fixation,fixation,500.43700000000536,,,,,0,1,0,,,,2,2,trial,3,5,"c(2.60261945448695, 2.57629227062127, -1.21571354313377, 2.4020349894043, 1.81139467461456, 3.25478583698978, 0.663453603930397, 2.79521716835919, 2.62021881571941, 6.0271428584138, 3.13538442504627, 2.76177380440573, 2.36689348208215, 0.475156811134668, -1.70595440385902, 2.33288109140678, 0.989350988735833, 2.48158139985388, 0.185373054104368, 5.54888537508208, 1.10247353849543, 1.45291723576499, -0.59400287584487, 6.35875975735268, 4.49737869426994, 3.6126549479216, 1.20515833096133, 4.71318618732534, 
-0.265905754997619, 2.69437514763625, 7.31245533505447, 4.91504698910293, 2.28929732051863, 0.0635594199119511, 3.61854621120296, 2.21874874078611, 2.33262743640108, 2.42714403306489, 3.47528811335974, 1.8892503204081, 2.22248210096942, 5.04855804703495, 5.61069896453593, 2.74852843663105, 3.85394965790513, 0.211039885479581, 1.1909385144552, 4.67360754069321, 1.81756230521331, 1.4309138098059, 2.3664805266378, 0.715453519860356, 2.93627676627416, 1.08069265979039, 3.68857477400356, 1.40339369317815, 
-0.538845764322501, 6.03751136960732, -0.545163123751175, 2.34256401967037, 2.49334840277459, 3.98091527706977, 0.0226518630995538, 1.03327575692177, 3.14265357545206, -0.476891365721957, -3.28168060851602, 2.20367763993629, 4.14296486004975, 2.18192678024882, 2.84096351463389, 0.145239834644085, 2.08698728149749, 0.741933704281308, 1.78617606017311, 2.85036900178722, 6.29446515539268, 0.764471386281254, 3.65069800878384, 1.3894063641232, 2.5130623754178, 0.0548486594703852, 2.45517362326176, -0.820072897989246, 
2.21018249616696, -1.59531465114885, 3.31694062643521, 0.822470350523762, 5.49478709711633, 3.38350182593352, 0.270280692602777, 6.71533917204578, 3.73695330858857, 3.66985962665344, -2.03491527771615, 1.5281735492252, 1.80764284972926, 5.41343872433408, 1.60922391947255, 0.626225029857)","400"", ""400"", ""400"", ""130"", ""280"", ""160"", ""310"", ""220"", ""400"", ""280"", ""400"", ""220"", ""400"", ""130"", ""400"", ""160"", ""400"", ""250"", ""340"", ""250"", ""400"", ""160"", ""190"", ""310"", ""400"", ""190"", ""400"", ""190"", ""280"", ""100"", ""400"", ""400"", ""400"", ""220"", ""160"", ""190"", ""400"", ""100"", ""190"", ""250"", ""250"", ""280"", ""160"", ""400"", ""220"", ""400"", ""400"", ""130"", ""400"", ""70"", ""130"", ""130"", ""280"", ""400"", ""70"", ""100"", ""310"", ""190"", ""400"", ""400"", ""190"", ""400"", ""100"", ""190"", ""310"", ""370"", ""160"", ""130"", ""340"", ""160"", ""400"", ""400"", ""160"", ""190"", ""100"", ""400"", ""400"", ""250"", ""160"", ""130"", ""400"", ""220"", ""250"", ""370"", ""400"", ""400"", ""130"", ""220"", ""70"", ""400"", ""400"", ""190"", ""70"", ""400"", ""340"", ""400"", ""340"", ""160"", ""250"", ""400","00FF00"", ""00FF00"", ""00FF00"", ""FF0000"", ""00FF00"", ""00FF00"", ""00FF00"", ""00FF00"", ""00FF00"", ""00FF00"", ""00FF00"", ""00FF00"", ""00FF00"", ""00FF00"", ""00FF00"", ""00FF00"", ""FF0000"", ""00FF00"", ""00FF00"", ""FF0000"", ""00FF00"", ""FF0000"", ""00FF00"", ""00FF00"", ""00FF00"", ""00FF00"", ""00FF00"", ""FF0000"", ""FF0000"", ""FF0000"", ""00FF00"", ""00FF00"", ""00FF00"", ""00FF00"", ""00FF00"", ""00FF00"", ""00FF00"", ""FF0000"", ""00FF00"", ""00FF00"", ""00FF00"", ""FF0000"", ""FF0000"", ""00FF00"", ""00FF00"", ""00FF00"", ""00FF00"", ""FF0000"", ""00FF00"", ""FF0000"", ""FF0000"", ""FF0000"", ""00FF00"", ""00FF00"", ""00FF00"", ""FF0000"", ""00FF00"", ""FF0000"", ""00FF00"", ""00FF00"", ""00FF00"", ""00FF00"", ""00FF00"", ""FF0000"", ""00FF00"", ""00FF00"", ""FF0000"", ""FF0000"", ""00FF00"", ""FF0000"", ""00FF00"", ""00FF00"", ""00FF00"", ""00FF00"", ""FF0000"", ""00FF00"", ""00FF00"", ""FF0000"", ""FF0000"", ""00FF00"", ""00FF00"", ""00FF00"", ""00FF00"", ""FF0000"", ""00FF00"", ""00FF00"", ""00FF00"", ""00FF00"", ""00FF00"", ""FF0000"", ""00FF00"", ""00FF00"", ""00FF00"", ""00FF00"", ""00FF00"", ""00FF00"", ""00FF00"", ""00FF00"", ""00FF00"", ""00FF00"
END OF FILE
